{"cameraMode":{"drawMode":0,"name":"Shaded","section":"Shading Mode"},"sceneLighting":true,"audioPlay":false,"sceneViewState":{"showFog":true,"showMaterialUpdate":false,"showSkybox":true,"showFlares":true,"showImageEffects":true,"showParticleSystems":true},"in2DMode":false,"pivot":{"x":10655.904296875,"y":15306.4921875,"z":69040.765625},"rotation":{"x":0.11942446976900101,"y":0.006557820830494165,"z":-0.0007745868642814457,"w":0.9928508996963501},"size":4046.873779296875,"orthographic":false}