{"cameraMode":{"drawMode":0,"name":"Shaded","section":"Shading Mode"},"sceneLighting":false,"audioPlay":false,"sceneViewState":{"showFog":true,"showMaterialUpdate":false,"showSkybox":false,"showFlares":true,"showImageEffects":true,"showParticleSystems":true},"in2DMode":false,"pivot":{"x":12361.708984375,"y":15502.951171875,"z":68616.109375},"rotation":{"x":0.0256566870957613,"y":0.10805957019329071,"z":-0.002780869137495756,"w":0.9938375949859619},"size":1219.769287109375,"orthographic":false}