{"cameraMode":{"drawMode":0,"name":"Shaded","section":"Shading Mode"},"sceneLighting":false,"audioPlay":false,"sceneViewState":{"showFog":true,"showMaterialUpdate":false,"showSkybox":false,"showFlares":true,"showImageEffects":true,"showParticleSystems":true},"in2DMode":false,"pivot":{"x":10997.923828125,"y":16017.7216796875,"z":56506.7421875},"rotation":{"x":-0.01723381318151951,"y":-0.9822853803634644,"z":0.11607003211975098,"w":-0.14632897078990937},"size":1501.901123046875,"orthographic":false}