{"cameraMode":{"drawMode":0,"name":"Shaded","section":"Shading Mode"},"sceneLighting":false,"audioPlay":false,"sceneViewState":{"showFog":true,"showMaterialUpdate":false,"showSkybox":false,"showFlares":true,"showImageEffects":true,"showParticleSystems":true},"in2DMode":false,"pivot":{"x":5211.75830078125,"y":187.1336669921875,"z":-1519.14794921875},"rotation":{"x":-0.21107681095600129,"y":-0.14572668075561524,"z":0.03181218355894089,"w":-0.9660608768463135},"size":6515.90625,"orthographic":false}