{"cameraMode":{"drawMode":0,"name":"Shaded","section":"Shading Mode"},"sceneLighting":false,"audioPlay":false,"sceneViewState":{"showFog":true,"showMaterialUpdate":false,"showSkybox":false,"showFlares":true,"showImageEffects":true,"showParticleSystems":true},"in2DMode":false,"pivot":{"x":7542.9404296875,"y":-6014.44287109375,"z":8799.654296875},"rotation":{"x":-0.03334632143378258,"y":-0.7230530977249146,"z":0.03493112698197365,"w":-0.689152181148529},"size":3199.476806640625,"orthographic":false}