{"cameraMode":{"drawMode":0,"name":"Shaded","section":"Shading Mode"},"sceneLighting":false,"audioPlay":false,"sceneViewState":{"showFog":true,"showMaterialUpdate":false,"showSkybox":false,"showFlares":true,"showImageEffects":true,"showParticleSystems":true},"in2DMode":false,"pivot":{"x":1336.146728515625,"y":-6916.26904296875,"z":14433.6005859375},"rotation":{"x":0.23385505378246308,"y":-0.2332419604063034,"z":0.05792563408613205,"w":0.9421369433403015},"size":3637.087158203125,"orthographic":false}