{"cameraMode":{"drawMode":0,"name":"Shaded","section":"Shading Mode"},"sceneLighting":false,"audioPlay":false,"sceneViewState":{"showFog":true,"showMaterialUpdate":false,"showSkybox":false,"showFlares":true,"showImageEffects":true,"showParticleSystems":true},"in2DMode":false,"pivot":{"x":-67787.4453125,"y":-7538.0185546875,"z":13951.443359375},"rotation":{"x":-0.21604055166244508,"y":-0.022847626358270646,"z":0.0050295451655983929,"w":-0.9761427044868469},"size":8245.205078125,"orthographic":false}