{"cameraMode":{"drawMode":0,"name":"Shaded","section":"Shading Mode"},"sceneLighting":false,"audioPlay":false,"sceneViewState":{"showFog":true,"showMaterialUpdate":false,"showSkybox":false,"showFlares":true,"showImageEffects":true,"showParticleSystems":true},"in2DMode":false,"pivot":{"x":13225.3232421875,"y":13422.1826171875,"z":62674.04296875},"rotation":{"x":0.22487477958202363,"y":0.0032222794834524395,"z":-0.0007324328762479126,"w":0.974411129951477},"size":8884.8349609375,"orthographic":false}