{"cameraMode":{"drawMode":0,"name":"Shaded","section":"Shading Mode"},"sceneLighting":true,"audioPlay":false,"sceneViewState":{"showFog":true,"showMaterialUpdate":false,"showSkybox":true,"showFlares":true,"showImageEffects":true,"showParticleSystems":true},"in2DMode":false,"pivot":{"x":5.166739463806152,"y":-18.929340362548829,"z":-11.358991622924805},"rotation":{"x":-0.0005932165076956153,"y":0.8681725859642029,"z":-0.4962864816188812,"w":-0.0010399764869362116},"size":67.27216339111328,"orthographic":false}