{"cameraMode":{"drawMode":0,"name":"Shaded","section":"Shading Mode"},"sceneLighting":false,"audioPlay":false,"sceneViewState":{"showFog":true,"showMaterialUpdate":false,"showSkybox":false,"showFlares":true,"showImageEffects":true,"showParticleSystems":true},"in2DMode":false,"pivot":{"x":4129.5615234375,"y":2369.828125,"z":-4415.48193359375},"rotation":{"x":0.03912004083395004,"y":0.8763113617897034,"z":-0.07220259308815003,"w":0.4747650921344757},"size":13028.2978515625,"orthographic":false}