{"cameraMode":{"drawMode":0,"name":"Shaded","section":"Shading Mode"},"sceneLighting":false,"audioPlay":false,"sceneViewState":{"showFog":true,"showMaterialUpdate":false,"showSkybox":false,"showFlares":true,"showImageEffects":true,"showParticleSystems":true},"in2DMode":false,"pivot":{"x":9616.6796875,"y":14152.03515625,"z":59110.48046875},"rotation":{"x":0.1615910530090332,"y":-0.6635920405387878,"z":0.15001218020915986,"w":0.7149035334587097},"size":7515.48095703125,"orthographic":false}