{"cameraMode":{"drawMode":0,"name":"Shaded","section":"Shading Mode"},"sceneLighting":true,"audioPlay":false,"sceneViewState":{"showFog":true,"showMaterialUpdate":false,"showSkybox":true,"showFlares":true,"showImageEffects":true,"showParticleSystems":true},"in2DMode":false,"pivot":{"x":11213.7470703125,"y":16143.12109375,"z":66878.2265625},"rotation":{"x":-0.006608913652598858,"y":0.018577713519334794,"z":-0.00006766354636056349,"w":-0.9998373985290527},"size":9399.3740234375,"orthographic":false}