{"cameraMode":{"drawMode":0,"name":"Shaded","section":"Shading Mode"},"sceneLighting":false,"audioPlay":false,"sceneViewState":{"showFog":true,"showMaterialUpdate":false,"showSkybox":false,"showFlares":true,"showImageEffects":true,"showParticleSystems":true},"in2DMode":false,"pivot":{"x":-417.95184326171877,"y":-1109.5672607421875,"z":1911.4329833984375},"rotation":{"x":0.004103776067495346,"y":-0.9885960221290588,"z":0.14820654690265656,"w":0.02729407697916031},"size":3883.7314453125,"orthographic":false}