{"cameraMode":{"drawMode":0,"name":"Shaded","section":"Shading Mode"},"sceneLighting":false,"audioPlay":false,"sceneViewState":{"showFog":true,"showMaterialUpdate":false,"showSkybox":false,"showFlares":true,"showImageEffects":true,"showParticleSystems":true},"in2DMode":false,"pivot":{"x":145.5778045654297,"y":1278.7335205078125,"z":241.48336791992188},"rotation":{"x":0.13179166615009309,"y":0.19083888828754426,"z":-0.025869809091091157,"w":0.9724251627922058},"size":3037.309814453125,"orthographic":false}