{"cameraMode":{"drawMode":0,"name":"Shaded","section":"Shading Mode"},"sceneLighting":false,"audioPlay":false,"sceneViewState":{"showFog":true,"showMaterialUpdate":false,"showSkybox":false,"showFlares":true,"showImageEffects":true,"showParticleSystems":true},"in2DMode":false,"pivot":{"x":5617.0517578125,"y":-699.9700927734375,"z":-798.483154296875},"rotation":{"x":0.45141834020614626,"y":-0.029152343049645425,"z":0.014792507514357567,"w":0.891753613948822},"size":2214.677734375,"orthographic":false}